statistic,df,p_value
698.6441006173627,289,6.424264101645146e-36
