var,speed,log_weight,log_height,base_experience
speed,1,0.07705307920328065,0.23960598949713607,0.4917673621602245
log_weight,0.07705307920328065,1,0.8164362481290502,0.49342649621872237
log_height,0.23960598949713607,0.8164362481290502,1,0.6037019556633231
base_experience,0.4917673621602245,0.49342649621872237,0.6037019556633231,1
