generation_id_f,n,mean_total,sd_total
1,151,407.6423841059603,99.8752117642051
2,100,407.18,112.45626579773898
3,135,403.72592592592594,115.57044951215788
4,107,445.7570093457944,117.47844773207402
5,156,425.7564102564103,102.46971995194777
6,72,429.5833333333333,111.92939801877374
7,81,443.8024691358025,118.67786438012423
Unknown,147,520.4897959183673,122.90074887178571
