generation_id,n,mean_total,sd_total,mean_speed,sd_speed
1,151,407.6423841059603,99.8752117642051,69.06622516556291,27.024598393358147
2,100,407.18,112.45626579773898,61.41,27.24230778280969
3,135,403.72592592592594,115.57044951215788,61.614814814814814,26.88560209068942
4,107,445.7570093457944,117.47844773207402,69.4766355140187,27.57026898616824
5,156,425.7564102564103,102.46971995194777,66.59615384615384,28.221652370671308
6,72,429.5833333333333,111.92939801877374,65.68055555555556,25.864122951011485
7,81,443.8024691358025,118.67786438012423,64.54320987654322,29.060303414931873
