generation_id_f,n,hp_mean,hp_sd,attack_mean,attack_sd,defense_mean,defense_sd,special_attack_mean,special_attack_sd,special_defense_mean,special_defense_sd,speed_mean,speed_sd
1,151,64.21192052980132,28.59011700373008,72.91390728476821,26.75542073358867,68.2251655629139,26.91670415322809,67.13907284768212,28.534199301913564,66.08609271523179,24.208797408476944,69.06622516556291,27.024598393358147
2,100,70.98,31.23032067227183,68.26,28.419164113127763,69.69,35.23103974645315,64.5,25.579150284810662,72.34,31.548013752329506,61.41,27.24230778280969
3,135,65.66666666666667,25.182320261074896,73.11111111111111,30.37493729903649,69.00740740740741,31.059282818482014,67.85925925925926,28.291964726825263,66.46666666666667,28.530632921920486,61.614814814814814,26.88560209068942
4,107,73.10280373831776,24.654187358926322,80.21495327102804,30.894228574216076,75.20560747663552,30.677795521694303,73.2803738317757,31.2034693258961,74.4766355140187,27.759528635819407,69.4766355140187,27.57026898616824
5,156,70.31410256410257,21.631758160743583,81.03205128205128,29.35223679376673,71.23717948717949,22.954685284479766,69.24358974358974,29.822782327279278,67.33333333333333,21.94548475370888,66.59615384615384,28.221652370671308
6,72,68.91666666666667,21.697504237604036,72.5,25.56350832234259,75.22222222222223,31.65893159791961,72.54166666666667,28.029128460469853,74.72222222222223,30.765914110400058,65.68055555555556,25.864122951011485
7,81,70.69135802469135,28.150773513044292,83.1604938271605,32.613055970777815,77.04938271604938,29.88306428169972,73.51851851851852,33.36207094557797,74.8395061728395,29.336605457228455,64.54320987654322,29.060303414931873
Unknown,147,70.06802721088435,25.079233308490917,98.8639455782313,37.51486270868937,87.65306122448979,34.35305275685705,92.01360544217687,42.04579799091192,84.578231292517,26.22294435315907,87.31292517006803,31.416731150444242
