dual_type,mean(attack)
FALSE,74.41457858769931
TRUE,83.82549019607843
