"cor(speed, hp)","cor(speed, attack)","cor(attack, hp)"
0.14332480337651599,0.3586703287544206,0.4266478562694367
