variable,n,mean,sd,p25,median,p75,min,max
speed,949,69.0231822971549,29.209260459884245,45,65,90,5,180
weight,949,66.2131717597471,119.9522399918582,8.5,28.8,66.6,0.1,999.9
log_weight,949,3.147929948021288,1.6245590041093567,2.1400661634962708,3.3603753871419,4.198704577546343,-2.3025850929940455,6.907655273981804
height,949,1.2282402528977872,1.2677945072770243,0.5,1,1.5,0.1,14.5
log_height,949,-0.09169640329457938,0.7469735091167337,-0.6931471805599453,0,0.4054651081081644,-2.3025850929940455,2.6741486494265287
base_experience,949,150.47629083245522,76.39181642432199,68,157,184,36,608
base_stat_total,949,436.5426765015806,118.35113458071226,330,454,514,175,780
