estimate,estimate1,estimate2,statistic,p.value,parameter,conf.low,conf.high,method,alternative
-5.163473134128367,66.24829157175398,71.41176470588235,-2.7255725001575564,0.006539913604820364,927.6289627785426,-8.881386759525833,-1.4455595087308994,Welch Two Sample t-test,two.sided
